transaction_id,timestamp,sender_id,sender_account,receiver_id,receiver_account,amount,transaction_type,status,notes,receiver_ammount,date,hour,day_of_week,is_odd_hours,amount_category
TXN_000105,2026-02-18 16:11:26.435864,USER_0045,6855744431351823,USER_0042,7694531473799650.0,3624853.97,Purchase,success,,,2026-02-18,16,Wednesday,False,Besar
TXN_000356,2026-02-18 20:20:26.435864,USER_0013,8347382997376311,USER_0037,1627204653755646.0,3253633.2,Payment,success,Belanja,,2026-02-18,20,Wednesday,False,Besar
TXN_000103,2026-02-18 22:10:26.435864,USER_0012,3150983930103105,USER_0047,84271094777520.0,2307247.81,Transfer,success,,,2026-02-18,22,Wednesday,False,Besar
TXN_000224,2026-02-18 23:12:26.435864,USER_0021,8412411824493534,USER_0011,8248963834657871.0,1764797.3,Purchase,success,Hutang,,2026-02-18,23,Wednesday,True,Besar
TXN_000237,2026-02-19 04:32:26.435864,USER_0050,3341232812067974,USER_0066,9440640909743952.0,2288395.79,Purchase,success,,,2026-02-19,4,Thursday,True,Besar
TXN_000333,2026-02-19 05:55:26.435864,USER_0025,1607337543303654,USER_0060,3396360576627028.0,1086442.72,Transfer,success,Pembayaran,,2026-02-19,5,Thursday,False,Besar
TXN_000382,2026-02-19 08:25:26.435864,USER_0015,2473178108013267,USER_0006,6413953767242388.0,290429.45,Payment,success,Belanja,,2026-02-19,8,Thursday,False,Kecil
TXN_000045,2026-02-19 09:37:26.435864,USER_0021,8412411824493534,USER_0068,2858842474517123.0,831808.33,Purchase,success,Belanja,,2026-02-19,9,Thursday,False,Besar
TXN_000225,2026-02-19 13:02:26.435864,USER_0011,8248963834657871,USER_0095,6850542357332214.0,4252579.64,Purchase,success,Pembayaran,,2026-02-19,13,Thursday,False,Besar
TXN_000254,2026-02-19 14:22:26.435864,USER_0021,8412411824493534,USER_0077,1249985698478961.0,1790826.63,Purchase,success,,,2026-02-19,14,Thursday,False,Besar
TXN_000017,2026-02-19 16:56:26.435864,USER_0008,6697848018451462,USER_0093,5546659051518644.0,2499726.31,Purchase,success,Hutang,,2026-02-19,16,Thursday,False,Besar
TXN_000417,2026-02-19 17:42:26.435864,USER_0017,980500978820812,USER_0066,9440640909743952.0,318626.95,Payment,success,,,2026-02-19,17,Thursday,False,Kecil
TXN_000044,2026-02-19 19:04:26.435864,USER_0056,385977034824771,USER_0039,7193745299124190.0,1684953.44,Payment,success,Pembayaran,,2026-02-19,19,Thursday,False,Besar
TXN_000297,2026-02-19 20:55:26.435864,USER_0089,2432921277997995,USER_0021,8412411824493534.0,2044721.09,Purchase,success,Belanja,,2026-02-19,20,Thursday,False,Besar
TXN_000235,2026-02-19 22:31:26.435864,USER_0043,5273545494808313,USER_0053,9065940139904902.0,4290037.69,Transfer,success,Pembayaran,,2026-02-19,22,Thursday,False,Besar
TXN_000013,2026-02-20 01:02:26.435864,USER_0076,9084700766177115,USER_0084,6438156149784036.0,4327611.06,Payment,success,Pembayaran,,2026-02-20,1,Friday,True,Besar
TXN_000220,2026-02-20 03:42:26.435864,USER_0026,4586850142940196,USER_0011,8248963834657871.0,4391106.63,Payment,success,Hutang,,2026-02-20,3,Friday,True,Besar
TXN_000270,2026-02-20 04:06:26.435864,USER_0082,5022961201836675,USER_0031,3791769367632016.0,3676293.25,Transfer,success,Belanja,,2026-02-20,4,Friday,True,Besar
TXN_000298,2026-02-20 04:34:26.435864,USER_0001,1043321819600133,USER_0072,537735158506431.0,4400840.28,Purchase,success,Belanja,,2026-02-20,4,Friday,True,Besar
TXN_000306,2026-02-20 05:41:26.435864,USER_0032,2870831727889579,USER_0075,240268117758917.0,4594253.79,Purchase,success,Hutang,,2026-02-20,5,Friday,False,Besar
TXN_000250,2026-02-20 07:11:26.435864,USER_0070,985931746120047,USER_0067,9421047095214562.0,1819292.82,Purchase,success,Pembayaran,,2026-02-20,7,Friday,False,Besar
TXN_000393,2026-02-20 12:41:26.435864,USER_0048,7116719022941318,USER_0062,8657809134316117.0,1039516.97,Transfer,success,Hutang,,2026-02-20,12,Friday,False,Besar
TXN_000437,2026-02-21 00:32:26.435864,USER_0073,1390053293183933,USER_0085,343244510762268.0,4140896.18,Purchase,success,,,2026-02-21,0,Saturday,True,Besar
TXN_000430,2026-02-21 01:20:26.435864,USER_0019,4353462475107991,USER_0069,8516048175496513.0,383445.65,Transfer,success,,,2026-02-21,1,Saturday,True,Kecil
TXN_000318,2026-02-21 01:55:26.435864,USER_0047,84271094777520,USER_0006,6413953767242388.0,3220943.99,Payment,success,Hutang,,2026-02-21,1,Saturday,True,Besar
TXN_000442,2026-02-21 04:01:26.435864,USER_0051,3447134936183242,USER_0014,5667010651333872.0,2535727.98,Purchase,success,,,2026-02-21,4,Saturday,True,Besar
TXN_000110,2026-02-21 04:02:26.435864,USER_0057,9324808613171274,USER_0033,8727743487347143.0,1916989.36,Payment,success,,,2026-02-21,4,Saturday,True,Besar
TXN_000292,2026-02-21 04:13:26.435864,USER_0027,5698169340608835,USER_0061,1718702621745961.0,2016907.22,Payment,success,,,2026-02-21,4,Saturday,True,Besar
TXN_000370,2026-02-21 06:06:26.435864,USER_0057,9324808613171274,USER_0062,8657809134316117.0,4016243.37,Payment,success,Belanja,,2026-02-21,6,Saturday,False,Besar
TXN_000140,2026-02-21 06:16:26.435864,USER_0001,1043321819600133,USER_0049,9993867749649908.0,2422211.76,Payment,success,Belanja,,2026-02-21,6,Saturday,False,Besar
TXN_000201,2026-02-21 08:34:26.435864,USER_0042,7694531473799650,USER_0064,1969379237474074.0,4889599.89,Payment,success,Pembayaran,,2026-02-21,8,Saturday,False,Besar
TXN_000064,2026-02-21 09:45:26.435864,USER_0007,9696532871012269,USER_0094,5192546291486528.0,355702.34,Purchase,success,Pembayaran,,2026-02-21,9,Saturday,False,Kecil
TXN_000282,2026-02-21 12:12:26.435864,USER_0038,1708053100330923,USER_0078,8367365766156545.0,1968259.23,Payment,success,Hutang,,2026-02-21,12,Saturday,False,Besar
TXN_000179,2026-02-21 12:28:26.435864,USER_0022,4016400524278680,USER_0002,8386379402654235.0,4406619.15,Transfer,success,Hutang,,2026-02-21,12,Saturday,False,Besar
TXN_000420,2026-02-21 15:15:26.435864,USER_0041,1850671657262849,USER_0054,8742967175655125.0,275308.43,Transfer,success,,,2026-02-21,15,Saturday,False,Kecil
TXN_000210,2026-02-21 16:23:26.435864,USER_0041,1850671657262849,USER_0022,4016400524278680.0,729198.4,Transfer,success,Hutang,,2026-02-21,16,Saturday,False,Besar
TXN_000242,2026-02-21 17:07:26.435864,USER_0042,7694531473799650,USER_0004,9310341316475256.0,300656.62,Purchase,success,Belanja,,2026-02-21,17,Saturday,False,Kecil
TXN_000376,2026-02-21 19:26:26.435864,USER_0048,7116719022941318,USER_0027,5698169340608835.0,3311605.76,Transfer,success,Hutang,,2026-02-21,19,Saturday,False,Besar
TXN_000251,2026-02-21 23:20:26.435864,USER_0073,1390053293183933,USER_0004,9310341316475256.0,1243706.34,Purchase,success,,,2026-02-21,23,Saturday,True,Besar
TXN_000421,2026-02-22 01:28:26.435864,USER_0027,5698169340608835,USER_0028,1595148465648236.0,3445099.36,Purchase,success,Belanja,,2026-02-22,1,Sunday,True,Besar
TXN_000469,2026-02-22 04:46:26.435864,USER_0067,9421047095214562,USER_0062,8657809134316117.0,1309864.24,Transfer,success,,,2026-02-22,4,Sunday,True,Besar
TXN_000294,2026-02-22 04:47:26.435864,USER_0065,1759464743671369,USER_0028,1595148465648236.0,783588.72,Purchase,success,,,2026-02-22,4,Sunday,True,Besar
TXN_000381,2026-02-22 06:07:26.435864,USER_0057,9324808613171274,USER_0017,980500978820812.0,3309360.64,Purchase,success,Belanja,,2026-02-22,6,Sunday,False,Besar
TXN_000078,2026-02-22 10:40:26.435864,USER_0074,2904228421020539,USER_0048,7116719022941318.0,2259883.28,Purchase,success,,,2026-02-22,10,Sunday,False,Besar
TXN_000448,2026-02-22 14:11:26.435864,USER_0032,2870831727889579,USER_0059,449972787558867.0,3186156.56,Payment,success,Hutang,,2026-02-22,14,Sunday,False,Besar
TXN_000148,2026-02-22 14:47:26.435864,USER_0079,7111161528098851,USER_0051,3447134936183242.0,1774226.83,Payment,success,Pembayaran,,2026-02-22,14,Sunday,False,Besar
TXN_000170,2026-02-22 15:31:26.435864,USER_0095,6850542357332214,USER_0034,5581223623166587.0,3285674.93,Transfer,success,,,2026-02-22,15,Sunday,False,Besar
TXN_000457,2026-02-22 16:48:26.435864,USER_0005,4192832764835030,USER_0007,9696532871012268.0,1328385.25,Transfer,success,Belanja,,2026-02-22,16,Sunday,False,Besar
TXN_000279,2026-02-22 17:01:26.435864,USER_0096,8880592962229270,USER_0099,1247826137506068.0,68887.08,Transfer,success,,,2026-02-22,17,Sunday,False,Kecil
TXN_000290,2026-02-22 17:05:26.435864,USER_0099,1247826137506068,USER_0067,9421047095214562.0,437924.18,Purchase,success,Pembayaran,,2026-02-22,17,Sunday,False,Kecil
TXN_000394,2026-02-22 17:22:26.435864,USER_0021,8412411824493534,USER_0006,6413953767242388.0,3932569.13,Transfer,success,,,2026-02-22,17,Sunday,False,Besar
TXN_000289,2026-02-22 19:26:26.435864,USER_0081,1493689980940244,USER_0092,8207151820377889.0,2272746.69,Transfer,success,Pembayaran,,2026-02-22,19,Sunday,False,Besar
TXN_000163,2026-02-22 20:58:26.435864,USER_0019,4353462475107991,USER_0087,1605297516136968.0,4217826.81,Purchase,success,Hutang,,2026-02-22,20,Sunday,False,Besar
TXN_000239,2026-02-22 22:30:26.435864,USER_0056,385977034824771,USER_0016,3602606474687234.0,2032879.96,Purchase,success,,,2026-02-22,22,Sunday,False,Besar
TXN_000301,2026-02-23 01:25:26.435864,USER_0008,6697848018451462,USER_0032,2870831727889579.0,2243397.54,Payment,success,Belanja,,2026-02-23,1,Monday,True,Besar
TXN_000404,2026-02-23 02:16:26.435864,USER_0040,9663193149190586,USER_0010,7015430391171822.0,301734.43,Purchase,success,Hutang,,2026-02-23,2,Monday,True,Kecil
TXN_000176,2026-02-23 05:36:26.435864,USER_0005,4192832764835030,USER_0035,366909670546688.0,343465.14,Payment,success,Pembayaran,,2026-02-23,5,Monday,False,Kecil
TXN_000061,2026-02-23 06:25:26.435864,USER_0049,9993867749649909,USER_0057,9324808613171274.0,4944747.91,Payment,success,,,2026-02-23,6,Monday,False,Besar
TXN_000056,2026-02-23 06:58:26.435864,USER_0050,3341232812067974,USER_0074,2904228421020539.0,4682335.67,Transfer,success,Pembayaran,,2026-02-23,6,Monday,False,Besar
TXN_000080,2026-02-23 07:56:26.435864,USER_0015,2473178108013267,USER_0025,1607337543303654.0,1209099.51,Purchase,success,,,2026-02-23,7,Monday,False,Besar
TXN_000232,2026-02-23 09:44:26.435864,USER_0036,7346706562729806,USER_0047,84271094777520.0,819282.23,Transfer,success,Hutang,,2026-02-23,9,Monday,False,Besar
TXN_000031,2026-02-23 12:53:26.435864,USER_0034,5581223623166587,USER_0017,980500978820812.0,206274.04,Purchase,success,,,2026-02-23,12,Monday,False,Kecil
TXN_000378,2026-02-23 14:25:26.435864,USER_0033,8727743487347143,USER_0072,537735158506431.0,3621717.52,Transfer,success,Pembayaran,,2026-02-23,14,Monday,False,Besar
TXN_000423,2026-02-23 15:03:26.435864,USER_0017,980500978820812,USER_0074,2904228421020539.0,3994013.66,Purchase,success,Pembayaran,,2026-02-23,15,Monday,False,Besar
TXN_000358,2026-02-23 19:03:26.435864,USER_0094,5192546291486528,USER_0069,8516048175496513.0,2031238.62,Payment,success,Belanja,,2026-02-23,19,Monday,False,Besar
TXN_000100,2026-02-23 20:24:26.435864,USER_0077,1249985698478961,USER_0078,8367365766156545.0,2755404.33,Transfer,success,,,2026-02-23,20,Monday,False,Besar
TXN_000002,2026-02-23 20:58:26.435864,USER_0062,8657809134316117,USER_0073,1390053293183933.0,4676952.29,Transfer,success,,,2026-02-23,20,Monday,False,Besar
TXN_000453,2026-02-23 21:01:26.435864,USER_0076,9084700766177115,USER_0031,3791769367632016.0,3030000.37,Transfer,success,Belanja,,2026-02-23,21,Monday,False,Besar
TXN_000253,2026-02-23 23:15:26.435864,USER_0098,6886239240758181,USER_0006,6413953767242388.0,1624121.62,Purchase,success,,,2026-02-23,23,Monday,True,Besar
TXN_000156,2026-02-24 02:58:26.435864,USER_0049,9993867749649909,USER_0008,6697848018451462.0,1025517.66,Transfer,success,Belanja,,2026-02-24,2,Tuesday,True,Besar
TXN_000341,2026-02-24 03:39:26.435864,USER_0076,9084700766177115,USER_0087,1605297516136968.0,1180670.51,Purchase,success,Pembayaran,,2026-02-24,3,Tuesday,True,Besar
TXN_000059,2026-02-24 04:21:26.435864,USER_0012,3150983930103105,USER_0085,343244510762268.0,2537476.33,Purchase,success,,,2026-02-24,4,Tuesday,True,Besar
TXN_000283,2026-02-24 05:40:26.435864,USER_0071,1382675869261796,USER_0007,9696532871012268.0,1353315.04,Payment,success,Hutang,,2026-02-24,5,Tuesday,False,Besar
TXN_000085,2026-02-24 09:08:26.435864,USER_0021,8412411824493534,USER_0010,7015430391171822.0,1242792.54,Transfer,success,Pembayaran,,2026-02-24,9,Tuesday,False,Besar
TXN_000116,2026-02-24 09:53:26.435864,USER_0006,6413953767242388,USER_0080,5604945198327315.0,2855144.8,Payment,success,,,2026-02-24,9,Tuesday,False,Besar
TXN_000143,2026-02-24 12:17:26.435864,USER_0001,1043321819600133,USER_0012,3150983930103105.0,269268.63,Purchase,success,Belanja,,2026-02-24,12,Tuesday,False,Kecil
TXN_000121,2026-02-24 13:15:26.435864,USER_0048,7116719022941318,USER_0035,366909670546688.0,3320325.94,Transfer,success,Hutang,,2026-02-24,13,Tuesday,False,Besar
TXN_000379,2026-02-24 19:37:26.435864,USER_0028,1595148465648236,USER_0086,8851606071596966.0,4268362.14,Transfer,success,Pembayaran,,2026-02-24,19,Tuesday,False,Besar
TXN_000319,2026-02-24 20:11:26.435864,USER_0095,6850542357332214,USER_0068,2858842474517123.0,3839098.22,Transfer,success,,,2026-02-24,20,Tuesday,False,Besar
TXN_000269,2026-02-24 23:22:26.435864,USER_0093,5546659051518644,USER_0070,985931746120047.0,385584.16,Payment,success,,,2026-02-24,23,Tuesday,True,Kecil
TXN_000155,2026-02-25 00:26:26.435864,USER_0093,5546659051518644,USER_0100,3615305152204727.0,3533610.73,Transfer,success,,,2026-02-25,0,Wednesday,True,Besar
TXN_000427,2026-02-25 05:35:26.435864,USER_0012,3150983930103105,USER_0097,5379473834735977.0,3247360.94,Purchase,success,Pembayaran,,2026-02-25,5,Wednesday,False,Besar
TXN_000199,2026-02-25 08:16:26.435864,USER_0066,9440640909743953,USER_0041,1850671657262849.0,2572136.7,Purchase,success,,,2026-02-25,8,Wednesday,False,Besar
TXN_000463,2026-02-25 08:33:26.435864,USER_0077,1249985698478961,USER_0098,6886239240758181.0,4551229.15,Purchase,success,Pembayaran,,2026-02-25,8,Wednesday,False,Besar
TXN_000090,2026-02-25 10:24:26.435864,USER_0060,3396360576627028,USER_0005,4192832764835030.0,3373680.09,Transfer,success,Hutang,,2026-02-25,10,Wednesday,False,Besar
TXN_000349,2026-02-25 10:50:26.435864,USER_0093,5546659051518644,USER_0035,366909670546688.0,3900896.64,Purchase,success,Hutang,,2026-02-25,10,Wednesday,False,Besar
TXN_000241,2026-02-25 12:06:26.435864,USER_0094,5192546291486528,USER_0052,249947174648877.0,4056028.39,Transfer,success,Hutang,,2026-02-25,12,Wednesday,False,Besar
TXN_000043,2026-02-25 22:41:26.435864,USER_0047,84271094777520,USER_0060,3396360576627028.0,3365678.13,Purchase,success,Pembayaran,,2026-02-25,22,Wednesday,False,Besar
TXN_000218,2026-02-26 01:53:26.435864,USER_0054,8742967175655125,USER_0097,5379473834735977.0,2110470.16,Purchase,success,,,2026-02-26,1,Thursday,True,Besar
TXN_000082,2026-02-26 04:57:26.435864,USER_0032,2870831727889579,USER_0047,84271094777520.0,1412011.91,Purchase,success,Pembayaran,,2026-02-26,4,Thursday,True,Besar
TXN_000460,2026-02-26 05:16:26.435864,USER_0004,9310341316475255,USER_0020,8384251354278498.0,756425.08,Purchase,success,Pembayaran,,2026-02-26,5,Thursday,False,Besar
TXN_000167,2026-02-26 08:56:26.435864,USER_0045,6855744431351823,USER_0026,4586850142940196.0,882634.44,Payment,success,Belanja,,2026-02-26,8,Thursday,False,Besar
TXN_000428,2026-02-26 11:31:26.435864,USER_0023,1280598262045053,USER_0093,5546659051518644.0,1301071.8,Transfer,success,,,2026-02-26,11,Thursday,False,Besar
TXN_000245,2026-02-26 11:56:26.435864,USER_0038,1708053100330923,USER_0028,1595148465648236.0,2519513.47,Purchase,success,,,2026-02-26,11,Thursday,False,Besar
TXN_000247,2026-02-26 12:29:26.435864,USER_0064,1969379237474074,USER_0087,1605297516136968.0,2741100.58,Transfer,success,Hutang,,2026-02-26,12,Thursday,False,Besar
TXN_000079,2026-02-26 14:40:26.435864,USER_0005,4192832764835030,USER_0046,7498941343524082.0,2041213.49,Transfer,success,,,2026-02-26,14,Thursday,False,Besar
TXN_000369,2026-02-26 17:10:26.435864,USER_0008,6697848018451462,USER_0007,9696532871012268.0,1152397.29,Purchase,success,Pembayaran,,2026-02-26,17,Thursday,False,Besar
TXN_000187,2026-02-26 18:01:26.435864,USER_0047,84271094777520,USER_0058,6773782639821465.0,3339318.62,Purchase,success,Belanja,,2026-02-26,18,Thursday,False,Besar
TXN_000234,2026-02-26 18:43:26.435864,USER_0074,2904228421020539,USER_0018,9136193990916998.0,830196.12,Purchase,success,,,2026-02-26,18,Thursday,False,Besar
TXN_000215,2026-02-26 19:35:26.435864,USER_0099,1247826137506068,USER_0013,8347382997376311.0,2890865.91,Purchase,success,,,2026-02-26,19,Thursday,False,Besar
TXN_000004,2026-02-26 20:18:26.435864,USER_0096,8880592962229270,USER_0087,1605297516136968.0,1548981.8,Purchase,success,Pembayaran,,2026-02-26,20,Thursday,False,Besar
TXN_000315,2026-02-26 22:07:26.435864,USER_0059,449972787558867,USER_0039,7193745299124190.0,1545618.2,Purchase,success,Belanja,,2026-02-26,22,Thursday,False,Besar
TXN_000244,2026-02-27 00:06:26.435864,USER_0047,84271094777520,USER_0004,9310341316475256.0,4422947.8,Transfer,success,,,2026-02-27,0,Friday,True,Besar
TXN_000435,2026-02-27 02:46:26.435864,USER_0075,240268117758917,USER_0088,6453521818835523.0,3413921.89,Payment,success,Belanja,,2026-02-27,2,Friday,True,Besar
TXN_000108,2026-02-27 03:43:26.435864,USER_0052,249947174648877,USER_0024,1586923226025634.0,1896605.34,Payment,success,Pembayaran,,2026-02-27,3,Friday,True,Besar
TXN_000246,2026-02-27 03:46:26.435864,USER_0047,84271094777520,USER_0029,2994680443699577.0,2125212.36,Purchase,success,,,2026-02-27,3,Friday,True,Besar
TXN_000354,2026-02-27 05:41:26.435864,USER_0058,6773782639821465,USER_0042,7694531473799650.0,544054.13,Transfer,success,Hutang,,2026-02-27,5,Friday,False,Besar
TXN_000129,2026-02-27 06:47:26.435864,USER_0027,5698169340608835,USER_0089,2432921277997995.0,363172.39,Payment,success,Hutang,,2026-02-27,6,Friday,False,Kecil
TXN_000213,2026-02-27 07:42:26.435864,USER_0034,5581223623166587,USER_0058,6773782639821465.0,1351600.77,Purchase,success,Belanja,,2026-02-27,7,Friday,False,Besar
TXN_000347,2026-02-27 11:16:26.435864,USER_0009,482814893252880,USER_0050,3341232812067974.0,3518595.41,Payment,success,,,2026-02-27,11,Friday,False,Besar
TXN_000021,2026-02-27 11:21:26.435864,USER_0067,9421047095214562,USER_0056,385977034824771.0,3074663.55,Transfer,success,Belanja,,2026-02-27,11,Friday,False,Besar
TXN_000007,2026-02-27 11:51:26.435864,USER_0019,4353462475107991,USER_0060,3396360576627028.0,3846447.05,Payment,success,,,2026-02-27,11,Friday,False,Besar
TXN_000091,2026-02-27 15:51:26.435864,USER_0019,4353462475107991,USER_0083,5459910229014767.0,4688940.83,Purchase,success,Belanja,,2026-02-27,15,Friday,False,Besar
TXN_000273,2026-02-27 15:58:26.435864,USER_0040,9663193149190586,USER_0007,9696532871012268.0,1342582.16,Transfer,success,Pembayaran,,2026-02-27,15,Friday,False,Besar
TXN_000310,2026-02-27 16:02:26.435864,USER_0094,5192546291486528,USER_0097,5379473834735977.0,295772.66,Purchase,success,Pembayaran,,2026-02-27,16,Friday,False,Kecil
TXN_000040,2026-02-27 16:56:26.435864,USER_0097,5379473834735977,USER_0067,9421047095214562.0,4778802.9,Transfer,success,Belanja,,2026-02-27,16,Friday,False,Besar
TXN_000160,2026-02-27 18:49:26.435864,USER_0081,1493689980940244,USER_0009,482814893252880.0,1897865.05,Transfer,success,Belanja,,2026-02-27,18,Friday,False,Besar
TXN_000278,2026-02-27 22:44:26.435864,USER_0036,7346706562729806,USER_0059,449972787558867.0,295695.44,Purchase,success,Belanja,,2026-02-27,22,Friday,False,Kecil
TXN_000094,2026-02-28 00:01:26.435864,USER_0097,5379473834735977,USER_0045,6855744431351823.0,2588441.87,Payment,success,Belanja,,2026-02-28,0,Saturday,True,Besar
TXN_000300,2026-02-28 00:31:26.435864,USER_0041,1850671657262849,USER_0067,9421047095214562.0,2483515.11,Purchase,success,Pembayaran,,2026-02-28,0,Saturday,True,Besar
TXN_000321,2026-02-28 00:36:26.435864,USER_0061,1718702621745961,USER_0031,3791769367632016.0,2121900.15,Payment,success,,,2026-02-28,0,Saturday,True,Besar
TXN_000127,2026-02-28 05:02:26.435864,USER_0057,9324808613171274,USER_0029,2994680443699577.0,3906887.07,Purchase,success,Pembayaran,,2026-02-28,5,Saturday,False,Besar
TXN_000009,2026-02-28 05:42:26.435864,USER_0084,6438156149784036,USER_0037,1627204653755646.0,3458637.18,Transfer,success,Belanja,,2026-02-28,5,Saturday,False,Besar
TXN_000051,2026-02-28 06:19:26.435864,USER_0085,343244510762268,USER_0093,5546659051518644.0,2739337.39,Payment,success,Pembayaran,,2026-02-28,6,Saturday,False,Besar
TXN_000175,2026-02-28 09:55:26.435864,USER_0084,6438156149784036,USER_0053,9065940139904902.0,4764366.86,Purchase,success,,,2026-02-28,9,Saturday,False,Besar
TXN_000470,2026-02-28 11:34:26.435864,USER_0062,8657809134316117,USER_0042,7694531473799650.0,2741468.56,Payment,success,,,2026-02-28,11,Saturday,False,Besar
TXN_000424,2026-02-28 13:34:26.435864,USER_0090,2717744905814770,USER_0032,2870831727889579.0,4575136.14,Purchase,success,,,2026-02-28,13,Saturday,False,Besar
TXN_000208,2026-02-28 14:05:26.435864,USER_0086,8851606071596966,USER_0083,5459910229014767.0,3663293.97,Transfer,success,,,2026-02-28,14,Saturday,False,Besar
TXN_000028,2026-02-28 15:33:26.435864,USER_0032,2870831727889579,USER_0100,3615305152204727.0,3455816.07,Transfer,success,Hutang,,2026-02-28,15,Saturday,False,Besar
TXN_000150,2026-02-28 17:57:26.435864,USER_0087,1605297516136968,USER_0044,7837770143634957.0,271181.11,Purchase,success,Hutang,,2026-02-28,17,Saturday,False,Kecil
TXN_000221,2026-02-28 18:13:26.435864,USER_0038,1708053100330923,USER_0010,7015430391171822.0,2310893.57,Payment,success,,,2026-02-28,18,Saturday,False,Besar
TXN_000025,2026-02-28 21:03:26.435864,USER_0055,7468071545168087,USER_0002,8386379402654235.0,4953547.9,Purchase,success,,,2026-02-28,21,Saturday,False,Besar
TXN_000035,2026-02-28 21:07:26.435864,USER_0077,1249985698478961,USER_0036,7346706562729806.0,4565014.6,Payment,success,Hutang,,2026-02-28,21,Saturday,False,Besar
TXN_000012,2026-02-28 23:07:26.435864,USER_0050,3341232812067974,USER_0079,7111161528098851.0,656483.45,Payment,success,,,2026-02-28,23,Saturday,True,Besar
TXN_000261,2026-03-01 00:58:26.435864,USER_0036,7346706562729806,USER_0046,7498941343524082.0,725435.76,Transfer,success,Belanja,,2026-03-01,0,Sunday,True,Besar
TXN_000117,2026-03-01 04:26:26.435864,USER_0022,4016400524278680,USER_0097,5379473834735977.0,3711738.6,Purchase,success,,,2026-03-01,4,Sunday,True,Besar
TXN_000038,2026-03-01 07:00:26.435864,USER_0067,9421047095214562,USER_0049,9993867749649908.0,2824413.57,Purchase,success,,,2026-03-01,7,Sunday,False,Besar
TXN_000026,2026-03-01 08:31:26.435864,USER_0100,3615305152204727,USER_0050,3341232812067974.0,2573084.8,Payment,success,Hutang,,2026-03-01,8,Sunday,False,Besar
TXN_000183,2026-03-01 09:14:26.435864,USER_0048,7116719022941318,USER_0062,8657809134316117.0,696441.54,Payment,success,,,2026-03-01,9,Sunday,False,Besar
TXN_000006,2026-03-01 09:40:26.435864,USER_0012,3150983930103105,USER_0079,7111161528098851.0,4134919.52,Transfer,success,,,2026-03-01,9,Sunday,False,Besar
TXN_000266,2026-03-01 10:52:26.435864,USER_0032,2870831727889579,USER_0076,9084700766177116.0,3216251.53,Transfer,success,Pembayaran,,2026-03-01,10,Sunday,False,Besar
TXN_000132,2026-03-01 11:02:26.435864,USER_0096,8880592962229270,USER_0071,1382675869261796.0,4030178.49,Payment,success,Belanja,,2026-03-01,11,Sunday,False,Besar
TXN_000267,2026-03-01 14:42:26.435864,USER_0085,343244510762268,USER_0026,4586850142940196.0,1228079.83,Payment,success,,,2026-03-01,14,Sunday,False,Besar
TXN_000147,2026-03-01 16:08:26.435864,USER_0048,7116719022941318,USER_0041,1850671657262849.0,567519.32,Payment,success,,,2026-03-01,16,Sunday,False,Besar
TXN_000136,2026-03-01 19:37:26.435864,USER_0054,8742967175655125,USER_0010,7015430391171822.0,2841060.02,Purchase,success,Pembayaran,,2026-03-01,19,Sunday,False,Besar
TXN_000309,2026-03-01 21:31:26.435864,USER_0061,1718702621745961,USER_0006,6413953767242388.0,4477735.01,Purchase,success,,,2026-03-01,21,Sunday,False,Besar
TXN_000446,2026-03-01 22:40:26.435864,USER_0042,7694531473799650,USER_0062,8657809134316117.0,3359498.72,Purchase,success,Hutang,,2026-03-01,22,Sunday,False,Besar
TXN_000408,2026-03-02 00:51:26.435864,USER_0082,5022961201836675,USER_0050,3341232812067974.0,4754025.97,Purchase,success,,,2026-03-02,0,Monday,True,Besar
TXN_000022,2026-03-02 02:13:26.435864,USER_0001,1043321819600133,USER_0090,2717744905814770.0,4697795.41,Transfer,success,,,2026-03-02,2,Monday,True,Besar
TXN_000158,2026-03-02 03:32:26.435864,USER_0070,985931746120047,USER_0059,449972787558867.0,2316409.9,Transfer,success,Hutang,,2026-03-02,3,Monday,True,Besar
TXN_000146,2026-03-02 04:07:26.435864,USER_0041,1850671657262849,USER_0017,980500978820812.0,3873094.05,Purchase,success,Pembayaran,,2026-03-02,4,Monday,True,Besar
TXN_000395,2026-03-02 05:44:26.435864,USER_0061,1718702621745961,USER_0084,6438156149784036.0,3099738.73,Purchase,success,Pembayaran,,2026-03-02,5,Monday,False,Besar
TXN_000308,2026-03-02 07:16:26.435864,USER_0057,9324808613171274,USER_0004,9310341316475256.0,2258211.99,Payment,success,Hutang,,2026-03-02,7,Monday,False,Besar
TXN_000020,2026-03-02 08:56:26.435864,USER_0017,980500978820812,USER_0092,8207151820377889.0,413982.16,Purchase,success,,,2026-03-02,8,Monday,False,Kecil
TXN_000355,2026-03-02 12:58:26.435864,USER_0008,6697848018451462,USER_0013,8347382997376311.0,2158676.27,Transfer,success,,,2026-03-02,12,Monday,False,Besar
TXN_000402,2026-03-02 17:05:26.435864,USER_0016,3602606474687234,USER_0079,7111161528098851.0,1431605.62,Payment,success,,,2026-03-02,17,Monday,False,Besar
TXN_000217,2026-03-02 19:49:26.435864,USER_0011,8248963834657871,USER_0027,5698169340608835.0,4659242.38,Transfer,success,Belanja,,2026-03-02,19,Monday,False,Besar
TXN_000182,2026-03-02 22:05:26.435864,USER_0042,7694531473799650,USER_0076,9084700766177116.0,4132995.86,Payment,success,Hutang,,2026-03-02,22,Monday,False,Besar
TXN_000264,2026-03-03 01:24:26.435864,USER_0084,6438156149784036,USER_0043,5273545494808313.0,3458067.28,Transfer,success,,,2026-03-03,1,Tuesday,True,Besar
TXN_000386,2026-03-03 01:56:26.435864,USER_0032,2870831727889579,USER_0014,5667010651333872.0,2291586.25,Transfer,success,,,2026-03-03,1,Tuesday,True,Besar
TXN_000422,2026-03-03 04:30:26.435864,USER_0037,1627204653755646,USER_0084,6438156149784036.0,3320579.67,Payment,success,Pembayaran,,2026-03-03,4,Tuesday,True,Besar
TXN_000372,2026-03-03 04:40:26.435864,USER_0041,1850671657262849,USER_0061,1718702621745961.0,2807798.51,Transfer,success,,,2026-03-03,4,Tuesday,True,Besar
TXN_000023,2026-03-03 07:40:26.435864,USER_0055,7468071545168087,USER_0003,1615594078161849.0,274251.59,Transfer,success,Belanja,,2026-03-03,7,Tuesday,False,Kecil
TXN_000338,2026-03-03 08:15:26.435864,USER_0043,5273545494808313,USER_0030,3872148951343320.0,1565269.71,Transfer,success,Hutang,,2026-03-03,8,Tuesday,False,Besar
TXN_000202,2026-03-03 10:04:26.435864,USER_0015,2473178108013267,USER_0012,3150983930103105.0,1858791.69,Purchase,success,Belanja,,2026-03-03,10,Tuesday,False,Besar
TXN_000330,2026-03-03 17:33:26.435864,USER_0079,7111161528098851,USER_0039,7193745299124190.0,4278486.86,Transfer,success,Hutang,,2026-03-03,17,Tuesday,False,Besar
TXN_000480,2026-03-03 17:42:26.435864,USER_0063,4005045562386922,USER_0033,8727743487347143.0,1352305.39,Payment,success,,,2026-03-03,17,Tuesday,False,Besar
TXN_000233,2026-03-03 19:12:26.435864,USER_0069,8516048175496513,USER_0032,2870831727889579.0,1823522.86,Transfer,success,Belanja,,2026-03-03,19,Tuesday,False,Besar
TXN_000419,2026-03-04 01:39:26.435864,USER_0013,8347382997376311,USER_0096,8880592962229270.0,1978034.24,Transfer,success,,,2026-03-04,1,Wednesday,True,Besar
TXN_000472,2026-03-04 02:44:26.435864,USER_0055,7468071545168087,USER_0023,1280598262045053.0,816153.97,Purchase,success,Hutang,,2026-03-04,2,Wednesday,True,Besar
TXN_000467,2026-03-04 03:33:26.435864,USER_0065,1759464743671369,USER_0043,5273545494808313.0,265019.5,Purchase,success,Belanja,,2026-03-04,3,Wednesday,True,Kecil
TXN_000001,2026-03-04 08:36:26.435864,USER_0083,5459910229014767,USER_0031,3791769367632016.0,4347647.56,Transfer,success,Hutang,,2026-03-04,8,Wednesday,False,Besar
TXN_000331,2026-03-04 10:35:26.435864,USER_0032,2870831727889579,USER_0054,8742967175655125.0,4537773.63,Payment,success,Pembayaran,,2026-03-04,10,Wednesday,False,Besar
TXN_000230,2026-03-04 12:46:26.435864,USER_0076,9084700766177115,USER_0097,5379473834735977.0,1222020.09,Payment,success,Belanja,,2026-03-04,12,Wednesday,False,Besar
TXN_000277,2026-03-04 14:13:26.435864,USER_0064,1969379237474074,USER_0095,6850542357332214.0,3624088.62,Purchase,success,Hutang,,2026-03-04,14,Wednesday,False,Besar
TXN_000228,2026-03-04 14:35:26.435864,USER_0096,8880592962229270,USER_0014,5667010651333872.0,1893835.27,Purchase,success,,,2026-03-04,14,Wednesday,False,Besar
TXN_000293,2026-03-04 16:28:26.435864,USER_0093,5546659051518644,USER_0001,1043321819600133.0,3517040.0,Purchase,success,Belanja,,2026-03-04,16,Wednesday,False,Besar
TXN_000067,2026-03-04 20:10:26.435864,USER_0021,8412411824493534,USER_0057,9324808613171274.0,2106351.64,Purchase,success,Belanja,,2026-03-04,20,Wednesday,False,Besar
TXN_000452,2026-03-04 20:52:26.435864,USER_0061,1718702621745961,USER_0071,1382675869261796.0,431586.72,Purchase,success,Pembayaran,,2026-03-04,20,Wednesday,False,Kecil
TXN_000401,2026-03-04 21:21:26.435864,USER_0012,3150983930103105,USER_0078,8367365766156545.0,418621.52,Transfer,success,,,2026-03-04,21,Wednesday,False,Kecil
TXN_000010,2026-03-04 21:59:26.435864,USER_0079,7111161528098851,USER_0017,980500978820812.0,3052968.3,Payment,success,Hutang,,2026-03-04,21,Wednesday,False,Besar
TXN_000057,2026-03-04 23:59:26.435864,USER_0048,7116719022941318,USER_0013,8347382997376311.0,1544631.91,Purchase,success,Hutang,,2026-03-04,23,Wednesday,True,Besar
TXN_000171,2026-03-05 00:00:26.435864,USER_0082,5022961201836675,USER_0032,2870831727889579.0,4317888.15,Transfer,success,,,2026-03-05,0,Thursday,True,Besar
TXN_000138,2026-03-05 01:31:26.435864,USER_0038,1708053100330923,USER_0029,2994680443699577.0,3479534.63,Payment,success,Pembayaran,,2026-03-05,1,Thursday,True,Besar
TXN_000371,2026-03-05 01:45:26.435864,USER_0009,482814893252880,USER_0054,8742967175655125.0,4904320.16,Purchase,success,,,2026-03-05,1,Thursday,True,Besar
TXN_000032,2026-03-05 02:04:26.435864,USER_0019,4353462475107991,USER_0066,9440640909743952.0,799584.73,Purchase,success,,,2026-03-05,2,Thursday,True,Besar
TXN_000076,2026-03-05 02:47:26.435864,USER_0001,1043321819600133,USER_0093,5546659051518644.0,1414466.15,Purchase,success,,,2026-03-05,2,Thursday,True,Besar
TXN_000194,2026-03-05 03:24:26.435864,USER_0097,5379473834735977,USER_0009,482814893252880.0,1104624.48,Purchase,success,Belanja,,2026-03-05,3,Thursday,True,Besar
TXN_000124,2026-03-05 03:26:26.435864,USER_0014,5667010651333872,USER_0087,1605297516136968.0,1385343.89,Transfer,success,Belanja,,2026-03-05,3,Thursday,True,Besar
TXN_000436,2026-03-05 03:27:26.435864,USER_0023,1280598262045053,USER_0071,1382675869261796.0,1562085.39,Purchase,success,,,2026-03-05,3,Thursday,True,Besar
TXN_000345,2026-03-05 03:45:26.435864,USER_0087,1605297516136968,USER_0084,6438156149784036.0,2759047.8,Payment,success,Pembayaran,,2026-03-05,3,Thursday,True,Besar
TXN_000072,2026-03-05 04:02:26.435864,USER_0017,980500978820812,USER_0096,8880592962229270.0,447237.46,Purchase,success,Pembayaran,,2026-03-05,4,Thursday,True,Kecil
TXN_000185,2026-03-05 05:38:26.435864,USER_0039,7193745299124190,USER_0067,9421047095214562.0,4959599.28,Payment,success,Pembayaran,,2026-03-05,5,Thursday,False,Besar
TXN_000214,2026-03-05 08:01:26.435864,USER_0067,9421047095214562,USER_0015,2473178108013267.0,324423.6,Purchase,success,Pembayaran,,2026-03-05,8,Thursday,False,Kecil
TXN_000257,2026-03-05 15:59:26.435864,USER_0052,249947174648877,USER_0003,1615594078161849.0,4593586.12,Transfer,success,Hutang,,2026-03-05,15,Thursday,False,Besar
TXN_000027,2026-03-05 16:01:26.435864,USER_0071,1382675869261796,USER_0003,1615594078161849.0,1689635.99,Transfer,success,,,2026-03-05,16,Thursday,False,Besar
TXN_000243,2026-03-05 16:02:26.435864,USER_0079,7111161528098851,USER_0020,8384251354278498.0,3431903.94,Transfer,success,Pembayaran,,2026-03-05,16,Thursday,False,Besar
TXN_000256,2026-03-05 16:43:26.435864,USER_0049,9993867749649909,USER_0095,6850542357332214.0,328031.49,Purchase,success,,,2026-03-05,16,Thursday,False,Kecil
TXN_000328,2026-03-05 17:33:26.435864,USER_0004,9310341316475255,USER_0063,4005045562386922.0,3190263.88,Purchase,success,,,2026-03-05,17,Thursday,False,Besar
TXN_000334,2026-03-05 17:46:26.435864,USER_0045,6855744431351823,USER_0071,1382675869261796.0,3091674.71,Purchase,success,Belanja,,2026-03-05,17,Thursday,False,Besar
TXN_000130,2026-03-05 18:01:26.435864,USER_0023,1280598262045053,USER_0001,1043321819600133.0,1295913.7,Transfer,success,Belanja,,2026-03-05,18,Thursday,False,Besar
TXN_000281,2026-03-05 18:57:26.435864,USER_0053,9065940139904902,USER_0004,9310341316475256.0,3935139.04,Payment,success,Hutang,,2026-03-05,18,Thursday,False,Besar
TXN_000178,2026-03-05 20:14:26.435864,USER_0029,2994680443699577,USER_0072,537735158506431.0,3180389.81,Purchase,success,Belanja,,2026-03-05,20,Thursday,False,Besar
TXN_000166,2026-03-05 20:43:26.435864,USER_0014,5667010651333872,USER_0095,6850542357332214.0,2848719.11,Transfer,success,Hutang,,2026-03-05,20,Thursday,False,Besar
TXN_000280,2026-03-05 21:44:26.435864,USER_0087,1605297516136968,USER_0024,1586923226025634.0,177391.68,Transfer,success,,,2026-03-05,21,Thursday,False,Kecil
TXN_000329,2026-03-05 22:10:26.435864,USER_0039,7193745299124190,USER_0063,4005045562386922.0,643088.89,Purchase,success,Hutang,,2026-03-05,22,Thursday,False,Besar
TXN_000113,2026-03-05 23:40:26.435864,USER_0010,7015430391171822,USER_0008,6697848018451462.0,4624588.37,Purchase,success,,,2026-03-05,23,Thursday,True,Besar
TXN_000134,2026-03-06 01:49:26.435864,USER_0020,8384251354278498,USER_0067,9421047095214562.0,4824644.38,Payment,success,Belanja,,2026-03-06,1,Friday,True,Besar
TXN_000431,2026-03-06 02:00:26.435864,USER_0022,4016400524278680,USER_0021,8412411824493534.0,684664.98,Purchase,success,Hutang,,2026-03-06,2,Friday,True,Besar
TXN_000366,2026-03-06 03:20:26.435864,USER_0028,1595148465648236,USER_0035,366909670546688.0,3397663.06,Payment,success,,,2026-03-06,3,Friday,True,Besar
TXN_000015,2026-03-06 08:07:26.435864,USER_0054,8742967175655125,USER_0012,3150983930103105.0,2518860.56,Payment,success,,,2026-03-06,8,Friday,False,Besar
TXN_000248,2026-03-06 09:28:26.435864,USER_0031,3791769367632016,USER_0037,1627204653755646.0,2449163.45,Purchase,success,Belanja,,2026-03-06,9,Friday,False,Besar
TXN_000405,2026-03-06 10:13:26.435864,USER_0030,3872148951343320,USER_0034,5581223623166587.0,1822523.66,Purchase,success,Pembayaran,,2026-03-06,10,Friday,False,Besar
TXN_000046,2026-03-06 11:50:26.435864,USER_0041,1850671657262849,USER_0006,6413953767242388.0,3791759.74,Payment,success,,,2026-03-06,11,Friday,False,Besar
TXN_000008,2026-03-06 12:12:26.435864,USER_0063,4005045562386922,USER_0007,9696532871012268.0,1483874.7,Payment,success,Belanja,,2026-03-06,12,Friday,False,Besar
TXN_000465,2026-03-06 18:43:26.435864,USER_0023,1280598262045053,USER_0094,5192546291486528.0,2437092.63,Transfer,success,,,2026-03-06,18,Friday,False,Besar
TXN_000107,2026-03-06 19:53:26.435864,USER_0094,5192546291486528,USER_0075,240268117758917.0,1000063.68,Purchase,success,Hutang,,2026-03-06,19,Friday,False,Besar
TXN_000087,2026-03-06 20:02:26.435864,USER_0042,7694531473799650,USER_0028,1595148465648236.0,1252149.65,Transfer,success,,,2026-03-06,20,Friday,False,Besar
TXN_000229,2026-03-06 20:18:26.435864,USER_0038,1708053100330923,USER_0021,8412411824493534.0,4108816.31,Transfer,success,,,2026-03-06,20,Friday,False,Besar
TXN_000034,2026-03-06 22:13:26.435864,USER_0028,1595148465648236,USER_0049,9993867749649908.0,1658995.2,Purchase,success,Belanja,,2026-03-06,22,Friday,False,Besar
TXN_000226,2026-03-06 23:04:26.435864,USER_0091,5411998679807935,USER_0100,3615305152204727.0,2485542.94,Transfer,success,Pembayaran,,2026-03-06,23,Friday,True,Besar
TXN_000385,2026-03-07 04:04:26.435864,USER_0077,1249985698478961,USER_0040,9663193149190586.0,4898528.76,Purchase,success,Hutang,,2026-03-07,4,Saturday,True,Besar
TXN_000024,2026-03-07 05:47:26.435864,USER_0050,3341232812067974,USER_0016,3602606474687234.0,3050989.59,Purchase,success,,,2026-03-07,5,Saturday,False,Besar
TXN_000149,2026-03-07 07:00:26.435864,USER_0081,1493689980940244,USER_0086,8851606071596966.0,2407004.53,Payment,success,Belanja,,2026-03-07,7,Saturday,False,Besar
TXN_000211,2026-03-07 08:28:26.435864,USER_0009,482814893252880,USER_0049,9993867749649908.0,4121409.02,Payment,success,Pembayaran,,2026-03-07,8,Saturday,False,Besar
TXN_000390,2026-03-07 09:22:26.435864,USER_0054,8742967175655125,USER_0004,9310341316475256.0,3202543.3,Purchase,success,Hutang,,2026-03-07,9,Saturday,False,Besar
TXN_000288,2026-03-07 10:35:26.435864,USER_0097,5379473834735977,USER_0029,2994680443699577.0,2608246.11,Purchase,success,,,2026-03-07,10,Saturday,False,Besar
TXN_000157,2026-03-07 11:58:26.435864,USER_0072,537735158506431,USER_0071,1382675869261796.0,3005005.6,Purchase,success,,,2026-03-07,11,Saturday,False,Besar
TXN_000190,2026-03-07 13:06:26.435864,USER_0064,1969379237474074,USER_0065,1759464743671369.0,95970.39,Purchase,success,,,2026-03-07,13,Saturday,False,Kecil
TXN_000106,2026-03-07 14:21:26.435864,USER_0033,8727743487347143,USER_0014,5667010651333872.0,2181337.38,Transfer,success,,,2026-03-07,14,Saturday,False,Besar
TXN_000365,2026-03-07 14:22:26.435864,USER_0021,8412411824493534,USER_0025,1607337543303654.0,3110283.13,Payment,success,Pembayaran,,2026-03-07,14,Saturday,False,Besar
TXN_000145,2026-03-07 15:11:26.435864,USER_0075,240268117758917,USER_0091,5411998679807935.0,2812067.41,Purchase,success,Belanja,,2026-03-07,15,Saturday,False,Besar
TXN_000348,2026-03-07 15:17:26.435864,USER_0077,1249985698478961,USER_0058,6773782639821465.0,632786.11,Transfer,success,Belanja,,2026-03-07,15,Saturday,False,Besar
TXN_000018,2026-03-07 16:32:26.435864,USER_0059,449972787558867,USER_0089,2432921277997995.0,582110.57,Transfer,success,Hutang,,2026-03-07,16,Saturday,False,Besar
TXN_000169,2026-03-07 17:26:26.435864,USER_0064,1969379237474074,USER_0066,9440640909743952.0,3608952.19,Purchase,success,Belanja,,2026-03-07,17,Saturday,False,Besar
TXN_000141,2026-03-07 17:28:26.435864,USER_0015,2473178108013267,USER_0024,1586923226025634.0,4843718.8,Purchase,success,,,2026-03-07,17,Saturday,False,Besar
TXN_000126,2026-03-07 18:16:26.435864,USER_0040,9663193149190586,USER_0018,9136193990916998.0,3010316.8,Payment,success,,,2026-03-07,18,Saturday,False,Besar
TXN_000152,2026-03-07 20:59:26.435864,USER_0090,2717744905814770,USER_0032,2870831727889579.0,2821252.31,Payment,success,Belanja,,2026-03-07,20,Saturday,False,Besar
TXN_000093,2026-03-08 02:27:26.435864,USER_0038,1708053100330923,USER_0031,3791769367632016.0,1451143.03,Payment,success,Hutang,,2026-03-08,2,Sunday,True,Besar
TXN_000407,2026-03-08 03:43:26.435864,USER_0058,6773782639821465,USER_0090,2717744905814770.0,1779544.61,Transfer,success,Hutang,,2026-03-08,3,Sunday,True,Besar
TXN_000391,2026-03-08 07:15:26.435864,USER_0045,6855744431351823,USER_0073,1390053293183933.0,2874659.06,Purchase,success,,,2026-03-08,7,Sunday,False,Besar
TXN_000168,2026-03-08 07:45:26.435864,USER_0038,1708053100330923,USER_0024,1586923226025634.0,2884934.57,Payment,success,Hutang,,2026-03-08,7,Sunday,False,Besar
TXN_000377,2026-03-08 08:01:26.435864,USER_0003,1615594078161849,USER_0049,9993867749649908.0,3525375.46,Transfer,success,Belanja,,2026-03-08,8,Sunday,False,Besar
TXN_000426,2026-03-08 08:43:26.435864,USER_0080,5604945198327315,USER_0009,482814893252880.0,1558221.2,Purchase,success,Hutang,,2026-03-08,8,Sunday,False,Besar
TXN_000425,2026-03-08 08:47:26.435864,USER_0100,3615305152204727,USER_0049,9993867749649908.0,660014.04,Transfer,success,Belanja,,2026-03-08,8,Sunday,False,Besar
TXN_000475,2026-03-08 09:08:26.435864,USER_0070,985931746120047,USER_0087,1605297516136968.0,1306199.34,Payment,success,Belanja,,2026-03-08,9,Sunday,False,Besar
TXN_000375,2026-03-08 11:16:26.435864,USER_0056,385977034824771,USER_0062,8657809134316117.0,2392011.72,Purchase,success,Belanja,,2026-03-08,11,Sunday,False,Besar
TXN_000317,2026-03-08 12:16:26.435864,USER_0098,6886239240758181,USER_0072,537735158506431.0,3064798.02,Payment,success,Belanja,,2026-03-08,12,Sunday,False,Besar
TXN_000400,2026-03-08 15:16:26.435864,USER_0088,6453521818835523,USER_0028,1595148465648236.0,1022521.95,Purchase,success,Hutang,,2026-03-08,15,Sunday,False,Besar
TXN_000284,2026-03-08 16:47:26.435864,USER_0022,4016400524278680,USER_0059,449972787558867.0,3773563.95,Purchase,success,Hutang,,2026-03-08,16,Sunday,False,Besar
TXN_000069,2026-03-08 17:40:26.435864,USER_0049,9993867749649909,USER_0069,8516048175496513.0,2147302.05,Purchase,success,,,2026-03-08,17,Sunday,False,Besar
TXN_000316,2026-03-08 18:38:26.435864,USER_0039,7193745299124190,USER_0080,5604945198327315.0,2581992.9,Purchase,success,Hutang,,2026-03-08,18,Sunday,False,Besar
TXN_000112,2026-03-08 19:35:26.435864,USER_0073,1390053293183933,USER_0021,8412411824493534.0,2664387.97,Transfer,success,,,2026-03-08,19,Sunday,False,Besar
TXN_000115,2026-03-08 20:26:26.435864,USER_0083,5459910229014767,USER_0090,2717744905814770.0,4112419.17,Payment,success,Hutang,,2026-03-08,20,Sunday,False,Besar
TXN_000455,2026-03-08 21:19:26.435864,USER_0010,7015430391171822,USER_0067,9421047095214562.0,4175156.73,Transfer,success,Pembayaran,,2026-03-08,21,Sunday,False,Besar
TXN_000287,2026-03-08 23:08:26.435864,USER_0062,8657809134316117,USER_0033,8727743487347143.0,1529317.94,Payment,success,,,2026-03-08,23,Sunday,True,Besar
TXN_000098,2026-03-08 23:09:26.435864,USER_0090,2717744905814770,USER_0092,8207151820377889.0,2775680.54,Purchase,success,Belanja,,2026-03-08,23,Sunday,True,Besar
TXN_000219,2026-03-09 02:45:26.435864,USER_0028,1595148465648236,USER_0043,5273545494808313.0,2535102.67,Transfer,success,,,2026-03-09,2,Monday,True,Besar
TXN_000174,2026-03-09 03:12:26.435864,USER_0022,4016400524278680,USER_0048,7116719022941318.0,1441370.84,Purchase,success,Hutang,,2026-03-09,3,Monday,True,Besar
TXN_000439,2026-03-09 04:27:26.435864,USER_0018,9136193990916998,USER_0034,5581223623166587.0,2970679.74,Transfer,success,,,2026-03-09,4,Monday,True,Besar
TXN_000030,2026-03-09 06:48:26.435864,USER_0060,3396360576627028,USER_0097,5379473834735977.0,2644950.05,Purchase,success,Belanja,,2026-03-09,6,Monday,False,Besar
TXN_000471,2026-03-09 07:45:26.435864,USER_0032,2870831727889579,USER_0090,2717744905814770.0,2622821.14,Payment,success,Hutang,,2026-03-09,7,Monday,False,Besar
TXN_000128,2026-03-09 07:48:26.435864,USER_0037,1627204653755646,USER_0053,9065940139904902.0,3442314.16,Transfer,success,Hutang,,2026-03-09,7,Monday,False,Besar
TXN_000065,2026-03-09 08:47:26.435864,USER_0040,9663193149190586,USER_0080,5604945198327315.0,864458.93,Purchase,success,Pembayaran,,2026-03-09,8,Monday,False,Besar
TXN_000449,2026-03-09 09:14:26.435864,USER_0008,6697848018451462,USER_0007,9696532871012268.0,910556.59,Purchase,success,,,2026-03-09,9,Monday,False,Besar
TXN_000005,2026-03-09 09:47:26.435864,USER_0095,6850542357332214,USER_0032,2870831727889579.0,897443.08,Purchase,success,,,2026-03-09,9,Monday,False,Besar
TXN_000039,2026-03-09 13:12:26.435864,USER_0044,7837770143634957,USER_0077,1249985698478961.0,1929486.22,Payment,success,Pembayaran,,2026-03-09,13,Monday,False,Besar
TXN_000054,2026-03-09 13:26:26.435864,USER_0006,6413953767242388,USER_0084,6438156149784036.0,1006148.37,Purchase,success,Belanja,,2026-03-09,13,Monday,False,Besar
TXN_000259,2026-03-09 14:36:26.435864,USER_0037,1627204653755646,USER_0005,4192832764835030.0,751180.69,Transfer,success,Hutang,,2026-03-09,14,Monday,False,Besar
TXN_000097,2026-03-09 15:04:26.435864,USER_0098,6886239240758181,USER_0058,6773782639821465.0,1511201.82,Transfer,success,Belanja,,2026-03-09,15,Monday,False,Besar
TXN_000432,2026-03-09 18:35:26.435864,USER_0006,6413953767242388,USER_0089,2432921277997995.0,1007817.92,Payment,success,,,2026-03-09,18,Monday,False,Besar
TXN_000464,2026-03-09 18:49:26.435864,USER_0069,8516048175496513,USER_0093,5546659051518644.0,2405552.47,Purchase,success,,,2026-03-09,18,Monday,False,Besar
TXN_000206,2026-03-09 19:55:26.435864,USER_0025,1607337543303654,USER_0065,1759464743671369.0,463805.52,Transfer,success,Pembayaran,,2026-03-09,19,Monday,False,Kecil
TXN_000161,2026-03-09 20:14:26.435864,USER_0050,3341232812067974,USER_0070,985931746120047.0,1949364.32,Transfer,success,,,2026-03-09,20,Monday,False,Besar
TXN_000276,2026-03-10 04:48:26.435864,USER_0045,6855744431351823,USER_0100,3615305152204727.0,315100.93,Payment,success,Pembayaran,,2026-03-10,4,Tuesday,True,Kecil
TXN_000036,2026-03-10 06:50:26.435864,USER_0027,5698169340608835,USER_0008,6697848018451462.0,4788820.11,Payment,success,Pembayaran,,2026-03-10,6,Tuesday,False,Besar
TXN_000462,2026-03-10 09:42:26.435864,USER_0085,343244510762268,USER_0009,482814893252880.0,1187578.25,Payment,success,,,2026-03-10,9,Tuesday,False,Besar
TXN_000458,2026-03-10 10:18:26.435864,USER_0072,537735158506431,USER_0066,9440640909743952.0,142169.18,Purchase,success,Hutang,,2026-03-10,10,Tuesday,False,Kecil
TXN_000131,2026-03-10 10:50:26.435864,USER_0016,3602606474687234,USER_0031,3791769367632016.0,2316415.08,Transfer,success,Belanja,,2026-03-10,10,Tuesday,False,Besar
TXN_000302,2026-03-10 11:43:26.435864,USER_0029,2994680443699577,USER_0021,8412411824493534.0,980281.67,Transfer,success,Belanja,,2026-03-10,11,Tuesday,False,Besar
TXN_000142,2026-03-10 12:36:26.435864,USER_0007,9696532871012269,USER_0047,84271094777520.0,470660.57,Transfer,success,Hutang,,2026-03-10,12,Tuesday,False,Kecil
TXN_000195,2026-03-10 13:06:26.435864,USER_0035,366909670546688,USER_0037,1627204653755646.0,4306814.5,Transfer,success,Pembayaran,,2026-03-10,13,Tuesday,False,Besar
TXN_000461,2026-03-10 13:10:26.435864,USER_0098,6886239240758181,USER_0037,1627204653755646.0,1359377.46,Purchase,success,Belanja,,2026-03-10,13,Tuesday,False,Besar
TXN_000081,2026-03-10 13:30:26.435864,USER_0007,9696532871012269,USER_0097,5379473834735977.0,1637292.32,Payment,success,,,2026-03-10,13,Tuesday,False,Besar
TXN_000101,2026-03-10 17:11:26.435864,USER_0011,8248963834657871,USER_0068,2858842474517123.0,217427.6,Transfer,success,,,2026-03-10,17,Tuesday,False,Kecil
TXN_000326,2026-03-10 17:52:26.435864,USER_0090,2717744905814770,USER_0100,3615305152204727.0,1808652.81,Purchase,success,Belanja,,2026-03-10,17,Tuesday,False,Besar
TXN_000450,2026-03-10 18:11:26.435864,USER_0065,1759464743671369,USER_0079,7111161528098851.0,1295352.73,Transfer,success,Hutang,,2026-03-10,18,Tuesday,False,Besar
TXN_000416,2026-03-10 18:25:26.435864,USER_0085,343244510762268,USER_0038,1708053100330923.0,3445915.52,Transfer,success,Hutang,,2026-03-10,18,Tuesday,False,Besar
TXN_000151,2026-03-10 19:21:26.435864,USER_0095,6850542357332214,USER_0060,3396360576627028.0,4010248.12,Purchase,success,Pembayaran,,2026-03-10,19,Tuesday,False,Besar
TXN_000153,2026-03-10 20:49:26.435864,USER_0021,8412411824493534,USER_0004,9310341316475256.0,3220370.44,Payment,success,,,2026-03-10,20,Tuesday,False,Besar
TXN_000313,2026-03-10 21:16:26.435864,USER_0066,9440640909743953,USER_0069,8516048175496513.0,4014280.8,Transfer,success,Hutang,,2026-03-10,21,Tuesday,False,Besar
TXN_000053,2026-03-11 00:23:26.435864,USER_0052,249947174648877,USER_0028,1595148465648236.0,971685.39,Purchase,success,Hutang,,2026-03-11,0,Wednesday,True,Besar
TXN_000041,2026-03-11 00:25:26.435864,USER_0043,5273545494808313,USER_0070,985931746120047.0,2421442.35,Transfer,success,Hutang,,2026-03-11,0,Wednesday,True,Besar
TXN_000139,2026-03-11 00:53:26.435864,USER_0021,8412411824493534,USER_0015,2473178108013267.0,1300774.34,Transfer,success,Belanja,,2026-03-11,0,Wednesday,True,Besar
TXN_000060,2026-03-11 01:01:26.435864,USER_0086,8851606071596966,USER_0049,9993867749649908.0,3092395.97,Transfer,success,Belanja,,2026-03-11,1,Wednesday,True,Besar
TXN_000188,2026-03-11 01:24:26.435864,USER_0007,9696532871012269,USER_0029,2994680443699577.0,3512234.79,Transfer,success,,,2026-03-11,1,Wednesday,True,Besar
TXN_000363,2026-03-11 01:38:26.435864,USER_0011,8248963834657871,USER_0025,1607337543303654.0,3537612.47,Purchase,success,,,2026-03-11,1,Wednesday,True,Besar
TXN_000073,2026-03-11 02:45:26.435864,USER_0088,6453521818835523,USER_0009,482814893252880.0,933444.46,Purchase,success,Pembayaran,,2026-03-11,2,Wednesday,True,Besar
TXN_000058,2026-03-11 03:22:26.435864,USER_0044,7837770143634957,USER_0060,3396360576627028.0,1219697.76,Purchase,success,Hutang,,2026-03-11,3,Wednesday,True,Besar
TXN_000173,2026-03-11 04:48:26.435864,USER_0039,7193745299124190,USER_0087,1605297516136968.0,3099948.44,Transfer,success,,,2026-03-11,4,Wednesday,True,Besar
TXN_000165,2026-03-11 07:04:26.435864,USER_0028,1595148465648236,USER_0087,1605297516136968.0,3439248.52,Payment,success,Belanja,,2026-03-11,7,Wednesday,False,Besar
TXN_000323,2026-03-11 07:36:26.435864,USER_0027,5698169340608835,USER_0037,1627204653755646.0,4706306.38,Payment,success,Pembayaran,,2026-03-11,7,Wednesday,False,Besar
TXN_000272,2026-03-11 12:52:26.435864,USER_0090,2717744905814770,USER_0028,1595148465648236.0,855149.73,Transfer,success,,,2026-03-11,12,Wednesday,False,Besar
TXN_000083,2026-03-11 13:05:26.435864,USER_0094,5192546291486528,USER_0057,9324808613171274.0,2801460.8,Transfer,success,Belanja,,2026-03-11,13,Wednesday,False,Besar
TXN_000337,2026-03-11 14:53:26.435864,USER_0033,8727743487347143,USER_0023,1280598262045053.0,1170015.27,Payment,success,,,2026-03-11,14,Wednesday,False,Besar
TXN_000344,2026-03-11 19:19:26.435864,USER_0050,3341232812067974,USER_0064,1969379237474074.0,4188794.05,Transfer,success,Belanja,,2026-03-11,19,Wednesday,False,Besar
TXN_000443,2026-03-11 21:26:26.435864,USER_0023,1280598262045053,USER_0036,7346706562729806.0,2594976.57,Payment,success,,,2026-03-11,21,Wednesday,False,Besar
TXN_000433,2026-03-12 01:22:26.435864,USER_0036,7346706562729806,USER_0028,1595148465648236.0,2941641.17,Purchase,success,Hutang,,2026-03-12,1,Thursday,True,Besar
TXN_000068,2026-03-12 01:24:26.435864,USER_0009,482814893252880,USER_0077,1249985698478961.0,157763.77,Payment,success,Pembayaran,,2026-03-12,1,Thursday,True,Kecil
TXN_000361,2026-03-12 05:49:26.435864,USER_0021,8412411824493534,USER_0082,5022961201836675.0,3076049.63,Payment,success,Pembayaran,,2026-03-12,5,Thursday,False,Besar
TXN_000137,2026-03-12 08:39:26.435864,USER_0020,8384251354278498,USER_0100,3615305152204727.0,4767372.83,Payment,success,Pembayaran,,2026-03-12,8,Thursday,False,Besar
TXN_000063,2026-03-12 11:33:26.435864,USER_0006,6413953767242388,USER_0044,7837770143634957.0,3947484.91,Purchase,success,Hutang,,2026-03-12,11,Thursday,False,Besar
TXN_000075,2026-03-12 15:12:26.435864,USER_0040,9663193149190586,USER_0033,8727743487347143.0,2149433.75,Payment,success,Pembayaran,,2026-03-12,15,Thursday,False,Besar
TXN_000189,2026-03-12 18:38:26.435864,USER_0100,3615305152204727,USER_0043,5273545494808313.0,1106434.83,Transfer,success,Pembayaran,,2026-03-12,18,Thursday,False,Besar
TXN_000177,2026-03-12 19:53:26.435864,USER_0083,5459910229014767,USER_0099,1247826137506068.0,773905.04,Payment,success,Belanja,,2026-03-12,19,Thursday,False,Besar
TXN_000111,2026-03-12 20:43:26.435864,USER_0016,3602606474687234,USER_0008,6697848018451462.0,2524299.05,Payment,success,Hutang,,2026-03-12,20,Thursday,False,Besar
TXN_000258,2026-03-12 21:36:26.435864,USER_0035,366909670546688,USER_0087,1605297516136968.0,4022001.0,Payment,success,Pembayaran,,2026-03-12,21,Thursday,False,Besar
TXN_000109,2026-03-12 22:57:26.435864,USER_0055,7468071545168087,USER_0071,1382675869261796.0,3436006.05,Transfer,success,,,2026-03-12,22,Thursday,False,Besar
TXN_000227,2026-03-12 23:43:26.435864,USER_0072,537735158506431,USER_0028,1595148465648236.0,267306.32,Transfer,success,,,2026-03-12,23,Thursday,True,Kecil
TXN_000389,2026-03-13 01:21:26.435864,USER_0035,366909670546688,USER_0003,1615594078161849.0,1759203.23,Purchase,success,Pembayaran,,2026-03-13,1,Friday,True,Besar
TXN_000380,2026-03-13 01:44:26.435864,USER_0068,2858842474517123,USER_0076,9084700766177116.0,3797889.24,Transfer,success,,,2026-03-13,1,Friday,True,Besar
TXN_000180,2026-03-13 03:07:26.435864,USER_0004,9310341316475255,USER_0054,8742967175655125.0,4753757.69,Payment,success,,,2026-03-13,3,Friday,True,Besar
TXN_000350,2026-03-13 04:56:26.435864,USER_0025,1607337543303654,USER_0063,4005045562386922.0,843849.31,Purchase,success,Pembayaran,,2026-03-13,4,Friday,True,Besar
TXN_000351,2026-03-13 06:59:26.435864,USER_0005,4192832764835030,USER_0085,343244510762268.0,1210801.07,Transfer,success,,,2026-03-13,6,Friday,False,Besar
TXN_000359,2026-03-13 07:29:26.435864,USER_0024,1586923226025634,USER_0019,4353462475107991.0,2137612.12,Transfer,success,,,2026-03-13,7,Friday,False,Besar
TXN_000066,2026-03-13 10:09:26.435864,USER_0090,2717744905814770,USER_0076,9084700766177116.0,500161.14,Purchase,success,,,2026-03-13,10,Friday,False,Besar
TXN_000322,2026-03-13 10:30:26.435864,USER_0077,1249985698478961,USER_0044,7837770143634957.0,990080.04,Purchase,success,,,2026-03-13,10,Friday,False,Besar
TXN_000263,2026-03-13 11:28:26.435864,USER_0031,3791769367632016,USER_0080,5604945198327315.0,1816286.46,Purchase,success,Pembayaran,,2026-03-13,11,Friday,False,Besar
TXN_000162,2026-03-13 12:37:26.435864,USER_0041,1850671657262849,USER_0039,7193745299124190.0,4999502.79,Purchase,success,Hutang,,2026-03-13,12,Friday,False,Besar
TXN_000397,2026-03-13 12:41:26.435864,USER_0001,1043321819600133,USER_0097,5379473834735977.0,4636099.82,Payment,success,Hutang,,2026-03-13,12,Friday,False,Besar
TXN_000346,2026-03-13 13:18:26.435864,USER_0066,9440640909743953,USER_0083,5459910229014767.0,96057.51,Payment,success,,,2026-03-13,13,Friday,False,Kecil
TXN_000314,2026-03-13 14:19:26.435864,USER_0023,1280598262045053,USER_0077,1249985698478961.0,1413123.86,Payment,success,Belanja,,2026-03-13,14,Friday,False,Besar
TXN_000231,2026-03-13 14:58:26.435864,USER_0045,6855744431351823,USER_0043,5273545494808313.0,1624385.71,Payment,success,Pembayaran,,2026-03-13,14,Friday,False,Besar
TXN_000387,2026-03-13 15:10:26.435864,USER_0084,6438156149784036,USER_0007,9696532871012268.0,1529620.02,Purchase,success,Hutang,,2026-03-13,15,Friday,False,Besar
TXN_000388,2026-03-13 15:37:26.435864,USER_0089,2432921277997995,USER_0080,5604945198327315.0,2790228.74,Transfer,success,,,2026-03-13,15,Friday,False,Besar
TXN_000342,2026-03-13 16:15:26.435864,USER_0075,240268117758917,USER_0040,9663193149190586.0,2547936.1,Transfer,success,,,2026-03-13,16,Friday,False,Besar
TXN_000438,2026-03-13 18:35:26.435864,USER_0083,5459910229014767,USER_0018,9136193990916998.0,142219.96,Purchase,success,,,2026-03-13,18,Friday,False,Kecil
TXN_000192,2026-03-13 18:44:26.435864,USER_0083,5459910229014767,USER_0076,9084700766177116.0,1601089.81,Payment,success,Pembayaran,,2026-03-13,18,Friday,False,Besar
TXN_000384,2026-03-13 19:44:26.435864,USER_0017,980500978820812,USER_0067,9421047095214562.0,1967657.62,Purchase,success,Hutang,,2026-03-13,19,Friday,False,Besar
TXN_000476,2026-03-13 20:32:26.435864,USER_0036,7346706562729806,USER_0018,9136193990916998.0,4325961.11,Transfer,success,Belanja,,2026-03-13,20,Friday,False,Besar
TXN_000074,2026-03-13 23:31:26.435864,USER_0099,1247826137506068,USER_0085,343244510762268.0,67192.81,Transfer,success,Belanja,,2026-03-13,23,Friday,True,Kecil
TXN_000212,2026-03-14 00:24:26.435864,USER_0080,5604945198327315,USER_0093,5546659051518644.0,4437753.06,Transfer,success,Belanja,,2026-03-14,0,Saturday,True,Besar
TXN_000325,2026-03-14 00:24:26.435864,USER_0021,8412411824493534,USER_0089,2432921277997995.0,4051302.15,Transfer,success,Hutang,,2026-03-14,0,Saturday,True,Besar
TXN_000118,2026-03-14 02:41:26.435864,USER_0050,3341232812067974,USER_0032,2870831727889579.0,533544.65,Transfer,success,Hutang,,2026-03-14,2,Saturday,True,Besar
TXN_000011,2026-03-14 03:03:26.435864,USER_0001,1043321819600133,USER_0100,3615305152204727.0,697292.45,Payment,success,,,2026-03-14,3,Saturday,True,Besar
TXN_000181,2026-03-14 06:18:26.435864,USER_0070,985931746120047,USER_0059,449972787558867.0,3337511.91,Payment,success,,,2026-03-14,6,Saturday,False,Besar
TXN_000303,2026-03-14 07:26:26.435864,USER_0018,9136193990916998,USER_0040,9663193149190586.0,2606682.02,Payment,success,,,2026-03-14,7,Saturday,False,Besar
TXN_000364,2026-03-14 09:52:26.435864,USER_0069,8516048175496513,USER_0032,2870831727889579.0,4890583.01,Purchase,success,,,2026-03-14,9,Saturday,False,Besar
TXN_000396,2026-03-14 12:13:26.435864,USER_0081,1493689980940244,USER_0099,1247826137506068.0,1974988.98,Purchase,success,Hutang,,2026-03-14,12,Saturday,False,Besar
TXN_000353,2026-03-14 14:44:26.435864,USER_0039,7193745299124190,USER_0018,9136193990916998.0,4528657.95,Purchase,success,Hutang,,2026-03-14,14,Saturday,False,Besar
TXN_000102,2026-03-14 16:04:26.435864,USER_0050,3341232812067974,USER_0073,1390053293183933.0,730583.08,Purchase,success,Pembayaran,,2026-03-14,16,Saturday,False,Besar
TXN_000332,2026-03-14 18:09:26.435864,USER_0073,1390053293183933,USER_0100,3615305152204727.0,1696515.76,Transfer,success,,,2026-03-14,18,Saturday,False,Besar
TXN_000196,2026-03-14 19:15:26.435864,USER_0070,985931746120047,USER_0097,5379473834735977.0,3663545.29,Payment,success,Hutang,,2026-03-14,19,Saturday,False,Besar
TXN_000474,2026-03-14 22:04:26.435864,USER_0059,449972787558867,USER_0082,5022961201836675.0,2782919.49,Purchase,success,Hutang,,2026-03-14,22,Saturday,False,Besar
TXN_000223,2026-03-14 22:24:26.435864,USER_0093,5546659051518644,USER_0016,3602606474687234.0,4507194.32,Transfer,success,Belanja,,2026-03-14,22,Saturday,False,Besar
TXN_000172,2026-03-14 22:51:26.435864,USER_0033,8727743487347143,USER_0028,1595148465648236.0,4062978.45,Purchase,success,,,2026-03-14,22,Saturday,False,Besar
TXN_000252,2026-03-14 23:14:26.435864,USER_0014,5667010651333872,USER_0065,1759464743671369.0,4240200.2,Payment,success,Pembayaran,,2026-03-14,23,Saturday,True,Besar
TXN_000095,2026-03-15 02:36:26.435864,USER_0088,6453521818835523,USER_0100,3615305152204727.0,1055481.08,Payment,success,,,2026-03-15,2,Sunday,True,Besar
TXN_000019,2026-03-15 04:01:26.435864,USER_0034,5581223623166587,USER_0096,8880592962229270.0,273949.85,Transfer,success,Pembayaran,,2026-03-15,4,Sunday,True,Kecil
TXN_000205,2026-03-15 05:05:26.435864,USER_0046,7498941343524082,USER_0092,8207151820377889.0,3523962.66,Transfer,success,,,2026-03-15,5,Sunday,False,Besar
TXN_000033,2026-03-15 11:36:26.435864,USER_0049,9993867749649909,USER_0073,1390053293183933.0,2384447.05,Purchase,success,Pembayaran,,2026-03-15,11,Sunday,False,Besar
TXN_000071,2026-03-15 12:24:26.435864,USER_0011,8248963834657871,USER_0091,5411998679807935.0,3247110.05,Payment,success,Belanja,,2026-03-15,12,Sunday,False,Besar
TXN_000197,2026-03-15 19:53:26.435864,USER_0038,1708053100330923,USER_0026,4586850142940196.0,1420989.9,Transfer,success,,,2026-03-15,19,Sunday,False,Besar
TXN_000207,2026-03-15 20:12:26.435864,USER_0039,7193745299124190,USER_0009,482814893252880.0,1667413.97,Purchase,success,,,2026-03-15,20,Sunday,False,Besar
TXN_000304,2026-03-15 20:42:26.435864,USER_0070,985931746120047,USER_0039,7193745299124190.0,1590059.31,Purchase,success,,,2026-03-15,20,Sunday,False,Besar
TXN_000200,2026-03-15 23:09:26.435864,USER_0083,5459910229014767,USER_0097,5379473834735977.0,1960133.6,Transfer,success,,,2026-03-15,23,Sunday,True,Besar
TXN_000122,2026-03-15 23:23:26.435864,USER_0028,1595148465648236,USER_0056,385977034824771.0,413858.08,Payment,success,Pembayaran,,2026-03-15,23,Sunday,True,Kecil
TXN_000222,2026-03-16 01:25:26.435864,USER_0009,482814893252880,USER_0053,9065940139904902.0,3132451.74,Payment,success,Belanja,,2026-03-16,1,Monday,True,Besar
TXN_000327,2026-03-16 02:01:26.435864,USER_0074,2904228421020539,USER_0091,5411998679807935.0,1339768.22,Payment,success,,,2026-03-16,2,Monday,True,Besar
TXN_000454,2026-03-16 02:24:26.435864,USER_0098,6886239240758181,USER_0032,2870831727889579.0,611026.55,Purchase,success,Pembayaran,,2026-03-16,2,Monday,True,Besar
TXN_000468,2026-03-16 04:00:26.435864,USER_0065,1759464743671369,USER_0025,1607337543303654.0,2965788.03,Purchase,success,,,2026-03-16,4,Monday,True,Besar
TXN_000120,2026-03-16 06:09:26.435864,USER_0077,1249985698478961,USER_0023,1280598262045053.0,1179285.03,Purchase,success,Belanja,,2026-03-16,6,Monday,False,Besar
TXN_000086,2026-03-16 06:36:26.435864,USER_0088,6453521818835523,USER_0019,4353462475107991.0,335238.48,Payment,success,,,2026-03-16,6,Monday,False,Kecil
TXN_000084,2026-03-16 07:58:26.435864,USER_0027,5698169340608835,USER_0045,6855744431351823.0,3496726.62,Payment,success,Belanja,,2026-03-16,7,Monday,False,Besar
TXN_000285,2026-03-16 09:04:26.435864,USER_0001,1043321819600133,USER_0070,985931746120047.0,4854992.41,Purchase,success,,,2026-03-16,9,Monday,False,Besar
TXN_000478,2026-03-16 09:17:26.435864,USER_0007,9696532871012269,USER_0042,7694531473799650.0,3500434.17,Purchase,success,Belanja,,2026-03-16,9,Monday,False,Besar
TXN_000262,2026-03-16 12:09:26.435864,USER_0052,249947174648877,USER_0033,8727743487347143.0,3263442.31,Transfer,success,,,2026-03-16,12,Monday,False,Besar
TXN_000077,2026-03-16 13:04:26.435864,USER_0045,6855744431351823,USER_0078,8367365766156545.0,3093869.88,Transfer,success,,,2026-03-16,13,Monday,False,Besar
TXN_000477,2026-03-16 13:48:26.435864,USER_0097,5379473834735977,USER_0029,2994680443699577.0,546379.16,Purchase,success,Hutang,,2026-03-16,13,Monday,False,Besar
TXN_000466,2026-03-16 16:35:26.435864,USER_0005,4192832764835030,USER_0083,5459910229014767.0,4691787.46,Purchase,success,,,2026-03-16,16,Monday,False,Besar
TXN_000418,2026-03-16 23:36:26.435864,USER_0066,9440640909743953,USER_0079,7111161528098851.0,1330307.4,Payment,success,Belanja,,2026-03-16,23,Monday,True,Besar
TXN_000399,2026-03-16 23:36:26.435864,USER_0026,4586850142940196,USER_0081,1493689980940244.0,3187253.05,Purchase,success,,,2026-03-16,23,Monday,True,Besar
TXN_000014,2026-03-17 02:37:26.435864,USER_0085,343244510762268,USER_0100,3615305152204727.0,2909550.84,Payment,success,Pembayaran,,2026-03-17,2,Tuesday,True,Besar
TXN_000412,2026-03-17 03:10:26.435864,USER_0027,5698169340608835,USER_0047,84271094777520.0,4023942.85,Payment,success,Hutang,,2026-03-17,3,Tuesday,True,Besar
TXN_000049,2026-03-17 04:28:26.435864,USER_0009,482814893252880,USER_0069,8516048175496513.0,2502150.29,Purchase,success,Hutang,,2026-03-17,4,Tuesday,True,Besar
TXN_000286,2026-03-17 04:30:26.435864,USER_0069,8516048175496513,USER_0073,1390053293183933.0,2636782.25,Purchase,success,Belanja,,2026-03-17,4,Tuesday,True,Besar
TXN_000055,2026-03-17 05:10:26.435864,USER_0029,2994680443699577,USER_0064,1969379237474074.0,1673236.96,Payment,success,Pembayaran,,2026-03-17,5,Tuesday,False,Besar
TXN_000307,2026-03-17 06:10:26.435864,USER_0094,5192546291486528,USER_0028,1595148465648236.0,2014864.27,Transfer,success,Pembayaran,,2026-03-17,6,Tuesday,False,Besar
TXN_000352,2026-03-17 10:20:26.435864,USER_0035,366909670546688,USER_0088,6453521818835523.0,2495814.94,Transfer,success,,,2026-03-17,10,Tuesday,False,Besar
TXN_000291,2026-03-17 10:54:26.435864,USER_0041,1850671657262849,USER_0044,7837770143634957.0,1632759.97,Purchase,success,,,2026-03-17,10,Tuesday,False,Besar
TXN_000409,2026-03-17 11:38:26.435864,USER_0054,8742967175655125,USER_0050,3341232812067974.0,617873.66,Payment,success,,,2026-03-17,11,Tuesday,False,Besar
TXN_000133,2026-03-17 12:16:26.435864,USER_0096,8880592962229270,USER_0044,7837770143634957.0,723816.13,Payment,success,Pembayaran,,2026-03-17,12,Tuesday,False,Besar
TXN_000324,2026-03-17 13:34:26.435864,USER_0017,980500978820812,USER_0029,2994680443699577.0,2813327.82,Payment,success,Pembayaran,,2026-03-17,13,Tuesday,False,Besar
TXN_000268,2026-03-17 14:20:26.435864,USER_0088,6453521818835523,USER_0019,4353462475107991.0,3213558.31,Payment,success,Hutang,,2026-03-17,14,Tuesday,False,Besar
TXN_000429,2026-03-17 17:32:26.435864,USER_0099,1247826137506068,USER_0022,4016400524278680.0,3767656.98,Purchase,success,,,2026-03-17,17,Tuesday,False,Besar
TXN_000311,2026-03-17 23:19:26.435864,USER_0022,4016400524278680,USER_0006,6413953767242388.0,1164304.6,Transfer,success,Belanja,,2026-03-17,23,Tuesday,True,Besar
TXN_000096,2026-03-17 23:25:26.435864,USER_0051,3447134936183242,USER_0012,3150983930103105.0,772317.43,Payment,success,,,2026-03-17,23,Tuesday,True,Besar
TXN_000403,2026-03-17 23:38:26.435864,USER_0071,1382675869261796,USER_0068,2858842474517123.0,1686285.8,Purchase,success,,,2026-03-17,23,Tuesday,True,Besar
TXN_000191,2026-03-18 05:22:26.435864,USER_0077,1249985698478961,USER_0068,2858842474517123.0,704267.0,Transfer,success,,,2026-03-18,5,Wednesday,False,Besar
TXN_000368,2026-03-18 07:33:26.435864,USER_0046,7498941343524082,USER_0049,9993867749649908.0,868749.17,Payment,success,Hutang,,2026-03-18,7,Wednesday,False,Besar
TXN_000052,2026-03-18 08:07:26.435864,USER_0006,6413953767242388,USER_0067,9421047095214562.0,1400543.55,Transfer,success,Belanja,,2026-03-18,8,Wednesday,False,Besar
TXN_000473,2026-03-18 09:05:26.435864,USER_0063,4005045562386922,USER_0026,4586850142940196.0,2845117.68,Purchase,success,Belanja,,2026-03-18,9,Wednesday,False,Besar
TXN_000415,2026-03-18 13:05:26.435864,USER_0035,366909670546688,USER_0092,8207151820377889.0,4186542.13,Transfer,success,Belanja,,2026-03-18,13,Wednesday,False,Besar
TXN_000050,2026-03-18 16:38:26.435864,USER_0063,4005045562386922,USER_0025,1607337543303654.0,1527041.44,Purchase,success,Hutang,,2026-03-18,16,Wednesday,False,Besar
TXN_000003,2026-03-19 01:32:26.435864,USER_0040,9663193149190586,USER_0086,8851606071596966.0,440356.53,Transfer,success,,,2026-03-19,1,Thursday,True,Kecil
TXN_000274,2026-03-19 03:48:26.435864,USER_0035,366909670546688,USER_0082,5022961201836675.0,3673326.17,Purchase,success,,,2026-03-19,3,Thursday,True,Besar
TXN_000271,2026-03-19 04:00:26.435864,USER_0007,9696532871012269,USER_0051,3447134936183242.0,2752818.64,Transfer,success,,,2026-03-19,4,Thursday,True,Besar
TXN_000296,2026-03-19 04:54:26.435864,USER_0051,3447134936183242,USER_0001,1043321819600133.0,1946065.19,Payment,success,Belanja,,2026-03-19,4,Thursday,True,Besar
TXN_000440,2026-03-19 09:08:26.435864,USER_0069,8516048175496513,USER_0018,9136193990916998.0,3286845.29,Transfer,success,Pembayaran,,2026-03-19,9,Thursday,False,Besar
TXN_000305,2026-03-19 09:39:26.435864,USER_0036,7346706562729806,USER_0018,9136193990916998.0,909999.91,Transfer,success,Pembayaran,,2026-03-19,9,Thursday,False,Besar
TXN_000441,2026-03-19 10:24:26.435864,USER_0065,1759464743671369,USER_0005,4192832764835030.0,4292962.56,Transfer,success,,,2026-03-19,10,Thursday,False,Besar
TXN_000367,2026-03-19 10:41:26.435864,USER_0087,1605297516136968,USER_0051,3447134936183242.0,107642.09,Transfer,success,Belanja,,2026-03-19,10,Thursday,False,Kecil
TXN_000413,2026-03-19 11:50:26.435864,USER_0088,6453521818835523,USER_0025,1607337543303654.0,1635548.15,Transfer,success,Pembayaran,,2026-03-19,11,Thursday,False,Besar
TXN_000186,2026-03-19 11:57:26.435864,USER_0042,7694531473799650,USER_0060,3396360576627028.0,836938.44,Payment,success,Hutang,,2026-03-19,11,Thursday,False,Besar
TXN_000340,2026-03-19 12:46:26.435864,USER_0066,9440640909743953,USER_0042,7694531473799650.0,1746527.55,Payment,success,Pembayaran,,2026-03-19,12,Thursday,False,Besar
TXN_000204,2026-03-19 17:28:26.435864,USER_0007,9696532871012269,USER_0067,9421047095214562.0,2019976.37,Payment,success,,,2026-03-19,17,Thursday,False,Besar
TXN_000047,2026-03-19 18:19:26.435864,USER_0027,5698169340608835,USER_0042,7694531473799650.0,2891960.1,Purchase,success,,,2026-03-19,18,Thursday,False,Besar
TXN_000070,2026-03-19 18:37:26.435864,USER_0044,7837770143634957,USER_0083,5459910229014767.0,2386752.44,Payment,success,Pembayaran,,2026-03-19,18,Thursday,False,Besar
TXN_000411,2026-03-19 19:02:26.435864,USER_0089,2432921277997995,USER_0027,5698169340608835.0,1320123.26,Purchase,success,,,2026-03-19,19,Thursday,False,Besar
TXN_000295,2026-03-19 19:14:26.435864,USER_0092,8207151820377889,USER_0002,8386379402654235.0,3908746.25,Payment,success,Hutang,,2026-03-19,19,Thursday,False,Besar
TXN_000048,2026-03-19 21:04:26.435864,USER_0069,8516048175496513,USER_0077,1249985698478961.0,4417112.62,Transfer,success,,,2026-03-19,21,Thursday,False,Besar
TXN_000092,2026-03-19 23:22:26.435864,USER_0100,3615305152204727,USER_0018,9136193990916998.0,3041787.59,Transfer,success,Pembayaran,,2026-03-19,23,Thursday,True,Besar
TXN_000299,2026-03-20 00:35:26.435864,USER_0001,1043321819600133,USER_0047,84271094777520.0,1893581.44,Payment,success,Hutang,,2026-03-20,0,Friday,True,Besar
TXN_000209,2026-03-20 04:45:26.435864,USER_0090,2717744905814770,USER_0008,6697848018451462.0,2294190.62,Purchase,success,Pembayaran,,2026-03-20,4,Friday,True,Besar
TXN_000088,2026-03-20 06:32:26.435864,USER_0009,482814893252880,USER_0018,9136193990916998.0,1886833.59,Purchase,success,Pembayaran,,2026-03-20,6,Friday,False,Besar
TXN_000104,2026-03-20 07:20:26.435864,USER_0018,9136193990916998,USER_0097,5379473834735977.0,2464879.2,Transfer,success,Belanja,,2026-03-20,7,Friday,False,Besar
TXN_000062,2026-03-20 07:26:26.435864,USER_0095,6850542357332214,USER_0094,5192546291486528.0,2710712.55,Purchase,success,Pembayaran,,2026-03-20,7,Friday,False,Besar
TXN_000383,2026-03-20 08:27:26.435864,USER_0092,8207151820377889,USER_0053,9065940139904902.0,4609753.45,Transfer,success,Pembayaran,,2026-03-20,8,Friday,False,Besar
TXN_000042,2026-03-20 09:22:26.435864,USER_0066,9440640909743953,USER_0045,6855744431351823.0,1394526.26,Transfer,success,,,2026-03-20,9,Friday,False,Besar
TXN_000410,2026-03-20 10:53:26.435864,USER_0090,2717744905814770,USER_0002,8386379402654235.0,4796539.24,Purchase,success,Belanja,,2026-03-20,10,Friday,False,Besar
TXN_000159,2026-03-20 11:15:26.435864,USER_0033,8727743487347143,USER_0094,5192546291486528.0,469522.24,Transfer,success,Pembayaran,,2026-03-20,11,Friday,False,Kecil
TXN_000164,2026-03-20 16:09:26.435864,USER_0006,6413953767242388,USER_0032,2870831727889579.0,725846.84,Payment,success,,,2026-03-20,16,Friday,False,Besar
TXN_000336,2026-03-20 16:35:26.435864,USER_0029,2994680443699577,USER_0088,6453521818835523.0,1644955.01,Purchase,success,,,2026-03-20,16,Friday,False,Besar
TXN_000203,2026-03-20 17:39:26.435864,USER_0094,5192546291486528,USER_0030,3872148951343320.0,2957449.31,Transfer,success,,,2026-03-20,17,Friday,False,Besar
TXN_000459,2026-03-20 17:51:26.435864,USER_0067,9421047095214562,USER_0004,9310341316475256.0,2273556.64,Payment,success,Pembayaran,,2026-03-20,17,Friday,False,Besar
TXN_000260,2026-03-20 18:01:26.435864,USER_0017,980500978820812,USER_0044,7837770143634957.0,3537463.15,Purchase,success,,,2026-03-20,18,Friday,False,Besar
TXN_000360,2026-03-20 20:44:26.435864,USER_0011,8248963834657871,USER_0002,8386379402654235.0,2109337.2,Purchase,success,,,2026-03-20,20,Friday,False,Besar
TXN_000406,2026-03-20 21:11:26.435864,USER_0096,8880592962229270,USER_0095,6850542357332214.0,387473.52,Purchase,success,,,2026-03-20,21,Friday,False,Kecil
TXN_000255,2026-03-20 22:31:26.435864,USER_0039,7193745299124190,USER_0031,3791769367632016.0,4940630.74,Payment,success,Pembayaran,,2026-03-20,22,Friday,False,Besar
TXN_000339,2026-03-21 01:07:26.435864,USER_0043,5273545494808313,USER_0100,3615305152204727.0,3652767.96,Purchase,success,Belanja,,2026-03-21,1,Saturday,True,Besar
TXN_000037,2026-03-21 01:27:26.435864,USER_0068,2858842474517123,USER_0052,249947174648877.0,1480570.48,Transfer,success,Belanja,,2026-03-21,1,Saturday,True,Besar
TXN_000374,2026-03-21 02:01:26.435864,USER_0084,6438156149784036,USER_0018,9136193990916998.0,4135289.4,Transfer,success,Hutang,,2026-03-21,2,Saturday,True,Besar
TXN_000144,2026-03-21 02:28:26.435864,USER_0079,7111161528098851,USER_0051,3447134936183242.0,2180754.94,Transfer,success,Pembayaran,,2026-03-21,2,Saturday,True,Besar
TXN_000445,2026-03-21 02:40:26.435864,USER_0011,8248963834657871,USER_0094,5192546291486528.0,1133154.63,Payment,success,Hutang,,2026-03-21,2,Saturday,True,Besar
TXN_000236,2026-03-21 03:03:26.435864,USER_0042,7694531473799650,USER_0032,2870831727889579.0,2591625.39,Purchase,success,Pembayaran,,2026-03-21,3,Saturday,True,Besar
TXN_000016,2026-03-21 04:10:26.435864,USER_0053,9065940139904902,USER_0063,4005045562386922.0,2313291.68,Transfer,success,Hutang,,2026-03-21,4,Saturday,True,Besar
TXN_000434,2026-03-21 04:48:26.435864,USER_0097,5379473834735977,USER_0089,2432921277997995.0,73917.82,Transfer,success,Belanja,,2026-03-21,4,Saturday,True,Kecil
TXN_000335,2026-03-21 07:02:26.435864,USER_0048,7116719022941318,USER_0017,980500978820812.0,73112.23,Purchase,success,Hutang,,2026-03-21,7,Saturday,False,Kecil
TXN_000398,2026-03-21 08:41:26.435864,USER_0025,1607337543303654,USER_0078,8367365766156545.0,114177.93,Payment,success,Belanja,,2026-03-21,8,Saturday,False,Kecil
TXN_000414,2026-03-21 09:12:26.435864,USER_0050,3341232812067974,USER_0058,6773782639821465.0,86286.4,Transfer,success,Pembayaran,,2026-03-21,9,Saturday,False,Kecil
TXN_000444,2026-03-21 10:20:26.435864,USER_0094,5192546291486528,USER_0039,7193745299124190.0,4367366.01,Transfer,success,Belanja,,2026-03-21,10,Saturday,False,Besar
TXN_000135,2026-03-21 10:28:26.435864,USER_0034,5581223623166587,USER_0082,5022961201836675.0,1250000.27,Payment,success,Belanja,,2026-03-21,10,Saturday,False,Besar
TXN_000357,2026-03-21 10:55:26.435864,USER_0047,84271094777520,USER_0079,7111161528098851.0,4398453.91,Transfer,success,Hutang,,2026-03-21,10,Saturday,False,Besar
TXN_000373,2026-03-21 11:18:26.435864,USER_0047,84271094777520,USER_0023,1280598262045053.0,1557759.89,Purchase,success,Belanja,,2026-03-21,11,Saturday,False,Besar
TXN_000479,2026-03-21 11:38:26.435864,USER_0098,6886239240758181,USER_0047,84271094777520.0,4031628.34,Transfer,success,,,2026-03-21,11,Saturday,False,Besar
TXN_000029,2026-03-21 12:28:26.435864,USER_0023,1280598262045053,USER_0080,5604945198327315.0,4861681.48,Purchase,success,,,2026-03-21,12,Saturday,False,Besar
TXN_000099,2026-03-21 15:19:26.435864,USER_0027,5698169340608835,USER_0018,9136193990916998.0,3710990.75,Payment,success,Hutang,,2026-03-21,15,Saturday,False,Besar
